ElectionType,Election,GeographyType,Geography,Poll,DateStart,DateEnd,SampleSize,SampleType,Democrat,Republican
Generic Ballot,Generic Ballot,National,National,Grayhouse,2/20/2026,2/23/2026,1394,RV,43%,40%
Generic Ballot,Generic Ballot,National,National,Grayhouse,12/6/2025,12/8/2025,2058,RV,45%,41%
Generic Ballot,Generic Ballot,National,National,Grayhouse,7/27/2025,7/29/2025,2000,RV,47%,44%
Generic Ballot,Generic Ballot,National,National,Qunatus Insights,3/2/2026,3/3/2026,1295,LV,46%,41%
Generic Ballot,Generic Ballot,National,National,YouGov,2/27/2026,3/2/2026,1363,RV,45%,41%
Generic Ballot,Generic Ballot,National,National,The Public Sentiment Institute,2/28/2026,2/28/2026,249,LV,50%,41%
Generic Ballot,Generic Ballot,National,National,Echelon Insights,3/2/2026,3/3/2026,1306,LV,46%,41%
Generic Ballot,Generic Ballot,National,National,Ipsos,2/18/2026,2/23/2026,3686,RV,40%,38%
Generic Ballot,Generic Ballot,National,National,YouGov,2/20/2026,2/23/2026,1401,RV,45%,41%
Generic Ballot,Generic Ballot,National,National,Morning Consult,2/20/2026,2/22/2026,2202,RV,46%,42%
Generic Ballot,Generic Ballot,National,National,Emerson College,2/21/2026,2/22/2026,1000,LV,50%,42%
Generic Ballot,Generic Ballot,National,National,Morning Consult,2/16/2026,2/22/2026,26087,RV,45%,42%
Generic Ballot,Generic Ballot,National,National,Verasight,2/18/2026,2/20/2026,1566,A,50%,40%
Generic Ballot,Generic Ballot,National,National,Talker Research,2/13/2026,2/19/2026,1000,A,42%,36%
Generic Ballot,Generic Ballot,National,National,Big Data Poll,2/16/2026,2/18/2026,1805,LV,48%,39%
Generic Ballot,Generic Ballot,National,National,You Gov,2/13/2026,2/18/2026,1200,RV,49%,41%
Generic Ballot,Generic Ballot,National,National,Ipsos,2/12/2026,2/17/2026,2087,RV,47%,45%
Generic Ballot,Generic Ballot,National,National,Ipsos,2/13/2026,2/16/2026,846,RV,41%,37%
Generic Ballot,Generic Ballot,National,National,Morning Consult,2/13/2026,2/16/2026,2200,RV,45%,43%
Generic Ballot,Generic Ballot,National,National,Morning Consult,2/9/2026,2/15/2026,24849,RV,45%,42%
Generic Ballot,Generic Ballot,National,National,Quantus Insights,2/12/2026,2/13/2026,1515,LV,41%,39%
Generic Ballot,Generic Ballot,National,National,Focaldata,2/10/2026,2/10/2026,1148,A,37%,34%
Generic Ballot,Generic Ballot,National,National,The Argument,2/4/2026,2/20/2026,3003,RV,46%,41%
Generic Ballot,Generic Ballot,National,National,Morning Consult,2/6/2026,2/9/2026,2200,RV,45%,41%
Generic Ballot,Generic Ballot,National,National,YouGov,2/6/2026,2/9/2026,1549,RV,44%,38%
Generic Ballot,Generic Ballot,National,National,Morning Consult,2/2/2026,2/8/2026,24606,RV,45%,42%
Generic Ballot,Generic Ballot,National,National,John Zogby Strategies,2/4/2026,2/5/2026,1000,LV,47%,42%
Generic Ballot,Generic Ballot,National,National,Cygnal,2/3/2026,2/4/2026,1500,LV,48%,44%
Generic Ballot,Generic Ballot,National,National,Morning Consult,1/26/2026,2/1/2026,25492,RV,44%,42%
Generic Ballot,Generic Ballot,National,National,YouGov,1/30/2026,2/2/2026,1501,RV,44%,40%
Generic Ballot,Generic Ballot,National,National,Morning Consult,1/30/2026,2/1/2026,2201,RV,47%,42%
Generic Ballot,Generic Ballot,National,National,Harris Poll,1/28/2026,1/29/2026,1019,LV,41%,41%
Generic Ballot,Generic Ballot,National,National,Cygnal,1/27/2026,1/28/2026,1004,LV,48%,44%
Generic Ballot,Generic Ballot,National,National,Marquette University Law School,1/21/2026,1/28/2026,577,LV,52%,45%
Generic Ballot,Generic Ballot,National,National,McLaughlin & Associates,1/21/2026,1/27/2026,1000,RV,46%,44%
Generic Ballot,Generic Ballot,National,National,Public Policy Polling,1/29/2026,1/30/2026,652,RV,48%,41%
Generic Ballot,Generic Ballot,National,National,The Argument,1/26/2026,1/27/2026,1515,RV,46%,42%
Generic Ballot,Generic Ballot,National,National,Echelon Insights,1/22/2026,1/26/2026,1029,LV,48%,42%
Generic Ballot,Generic Ballot,National,National,YouGov,1/23/2026,1/26/2026,1519,RV,43%,38%
Generic Ballot,Generic Ballot,National,National,Beacon Research,1/23/2026,1/26/2026,1005,RV,52%,46%
Generic Ballot,Generic Ballot,National,National,Morning Consult,1/23/2026,1/25/2026,2204,RV,45%,43%
Generic Ballot,Generic Ballot,National,National,Ipsos,1/23/2026,1/25/2026,906,RV,41%,37%
Generic Ballot,Generic Ballot,National,National,Morning Consult,1/20/2026,1/25/2026,24675,RV,44%,43%
Generic Ballot,Generic Ballot,National,National,Big Data Poll,1/22/2026,1/24/2026,2909,LV,46%,42%
Generic Ballot,Generic Ballot,National,National,Quantus Insights,1/20/2026,1/22/2026,1000,RV,47%,41%
Generic Ballot,Generic Ballot,National,National,Verasight,1/14/2026,1/20/2026,1532,RV,51%,43%
Generic Ballot,Generic Ballot,National,National,YouGov,1/16/2026,1/19/2026,1544,RV,43%,39%
Generic Ballot,Generic Ballot,National,National,Emerson College,1/17/2026,1/19/2026,1000,RV,48%,42%
Generic Ballot,Generic Ballot,National,National,Morning Consult,1/12/2026,1/18/2026,12505,RV,45%,43%
Generic Ballot,Generic Ballot,National,National,Morning Consult,1/16/2026,1/18/2026,2201,RV,45%,43%
Generic Ballot,Generic Ballot,National,National,Siena Research Institute,1/12/2026,1/17/2026,1625,RV,48%,43%
Generic Ballot,Generic Ballot,National,National,Rasmussen Reports,1/7/2026,1/14/2026,2273,LV,47%,41%
Generic Ballot,Generic Ballot,National,National,Ipsos,1/12/2026,1/13/2026,941,RV,40%,38%
Generic Ballot,Generic Ballot,National,National,Impact Research,1/8/2026,1/13/2026,1500,RV,47%,43%
Generic Ballot,Generic Ballot,National,National,Morning Consult,1/9/2026,1/12/2026,2201,RV,46%,43%
Generic Ballot,Generic Ballot,National,National,RMG Research,1/5/2026,1/8/2026,2000,RV,44%,43%
Generic Ballot,Generic Ballot,National,National,YouGov,1/2/2026,1/5/2026,1386,RV,45%,39%
Generic Ballot,Generic Ballot,National,National,Morning Consult,1/2/2026,1/4/2026,2201,RV,45%,42%
Generic Ballot,Generic Ballot,National,National,The Bullfinch Group,12/30/2025,1/1/2026,1200,RV,44%,33%
Generic Ballot,Generic Ballot,National,National,YouGov,12/26/2025,12/29/2025,1417,RV,42%,38%
Generic Ballot,Generic Ballot,National,National,Big Data Poll,12/26/2025,12/28/2025,3412,LV,45%,42%
Generic Ballot,Generic Ballot,National,National,YouGov,12/20/2025,12/22/2025,1424,RV,43%,40%
Generic Ballot,Generic Ballot,National,National,Morning Consult,12/19/2025,12/21/2025,2203,RV,47%,43%
Generic Ballot,Generic Ballot,National,National,AtlasIntel,12/15/2025,12/19/2025,2315,A,54%,38%
Generic Ballot,Generic Ballot,National,National,McLaughlin & Associates,12/12/2025,12/19/2025,1000,RV,46%,45%
Generic Ballot,Generic Ballot,National,National,Fabrizio Ward,12/15/2025,12/17/2025,1000,RV,45%,38%
Generic Ballot,Generic Ballot,National,National,Quantus Insights,12/15/2025,12/16/2025,1000,RV,43%,41%
Generic Ballot,Generic Ballot,National,National,Morning Consult,12/12/2025,12/15/2025,2201,RV,45%,44%
Generic Ballot,Generic Ballot,National,National,YouGov,12/12/2025,12/15/2025,1451,RV,43%,39%
Generic Ballot,Generic Ballot,National,National,Echelon Insights,12/11/2025,12/15/2025,1011,LV,48%,44%
Generic Ballot,Generic Ballot,National,National,Ipsos,12/12/2025,12/15/2025,775,RV,40%,36%
Generic Ballot,Generic Ballot,National,National,Emerson College,12/14/2025,12/15/2025,1000,RV,44%,42%
Generic Ballot,Generic Ballot,National,National,Big Data Poll,12/10/2025,12/12/2025,3004,RV,44%,41%
Generic Ballot,Generic Ballot,National,National,Clarity Campaign Labs,12/4/2025,12/11/2025,1000,LV,49%,44%
Generic Ballot,Generic Ballot,National,National,The Argument,12/5/2025,12/11/2025,1521,RV,44%,42%
Generic Ballot,Generic Ballot,National,National,YouGov,12/5/2025,12/8/2025,1379,RV,42%,37%
Generic Ballot,Generic Ballot,National,National,Ipsos,12/3/2025,12/8/2025,3521,RV,40%,39%
Generic Ballot,Generic Ballot,National,National,Morning Consult,12/5/2025,12/7/2025,2201,RV,46%,43%
Generic Ballot,Generic Ballot,National,National,Cygnal,12/5/2025,12/7/2025,1500,LV,48%,44%
Generic Ballot,Generic Ballot,National,National,Quantus Insights,12/4/2025,12/5/2025,1000,RV,44%,40%
Generic Ballot,Generic Ballot,National,National,RMG Research,12/1/2025,12/4/2025,2000,RV,41%,45%
Generic Ballot,Generic Ballot,National,National,YouGov,11/28/2025,12/1/2025,1452,RV,45%,39%
Generic Ballot,Generic Ballot,National,National,GBAO,11/19/2025,11/26/2025,2000,RV,44%,39%
Generic Ballot,Generic Ballot,National,National,The Bullfinch Group,11/21/2025,11/25/2025,1000,RV,41%,35%
Generic Ballot,Generic Ballot,National,National,J.L. Partners,11/19/2025,11/25/2025,797,LV,50%,46%
Generic Ballot,Generic Ballot,National,National,YouGov,11/21/2025,11/24/2025,1511,RV,44%,39%
Generic Ballot,Generic Ballot,National,National,McLaughlin & Associates,11/17/2025,11/24/2025,1000,RV,45%,44%
Generic Ballot,Generic Ballot,National,National,Morning Consult,11/21/2025,11/23/2025,2200,RV,45%,43%
Generic Ballot,Generic Ballot,National,National,Rasmussen Reports,11/18/2025,11/23/2025,2410,LV,45%,42%
Generic Ballot,Generic Ballot,National,National,Echelon Insights,11/13/2025,11/17/2025,1051,LV,48%,45%
Generic Ballot,Generic Ballot,National,National,YouGov,11/15/2025,11/17/2025,1380,RV,43%,40%
Generic Ballot,Generic Ballot,National,National,The Argument,11/10/2025,11/17/2025,1508,RV,46%,42%
Generic Ballot,Generic Ballot,National,National,Ipsos,11/14/2025,11/17/2025,818,RV,38%,36%
Generic Ballot,Generic Ballot,National,National,Morning Consult,11/14/2025,11/16/2025,2201,RV,46%,44%
Generic Ballot,Generic Ballot,National,National,Verasight,11/12/2025,11/14/2025,1004,A,47%,42%
Generic Ballot,Generic Ballot,National,National,High Point University Survey Research Center,11/10/2025,11/14/2025,837,RV,48%,39%
Generic Ballot,Generic Ballot,National,National,Marist College,11/7/2025,11/12/2025,1291,RV,55%,41%
Generic Ballot,Generic Ballot,National,National,Ipsos,11/7/2025,11/12/2025,938,RV,41%,40%
Generic Ballot,Generic Ballot,National,National,Quantus Insights,11/11/2025,11/12/2025,1000,RV,44%,39%
Generic Ballot,Generic Ballot,National,National,Marquette University Law School,11/5/2025,11/12/2025,602,LV,53%,44%
Generic Ballot,Generic Ballot,National,National,YouGov,11/7/2025,11/10/2025,1499,RV,46%,39%
Generic Ballot,Generic Ballot,National,National,Survey 160,11/6/2025,11/10/2025,1513,RV,46%,39%
Generic Ballot,Generic Ballot,National,National,Morning Consult,11/7/2025,11/9/2025,2201,RV,48%,43%
Generic Ballot,Generic Ballot,National,National,Cygnal,11/5/2025,11/6/2025,1500,LV,50%,44%
Senate,Nebraska,State,Nebraska,Lake Research Partners,12/11/2025,12/17/2025,900,LV,47%,48%
Senate,Nebraska,State,Nebraska,Lake Research Partners,7/23/2025,7/29/2025,900,LV,47%,46%
Senate,Nebraska,State,Nebraska,Change Research,3/28/2025,4/1/2025,524,LV,45%,46%
House,North Carolina-01,Congressional District,North Carolina-01,Impact Research,12/15/2025,12/17/2025,500,LV,45%,44%
House,Texas-15,Congressional District,Texas-15,Public Policy Polling,9/10/2025,9/11/2025,533,V,38%,41%
Senate,Nebraska,State,Nebraska,Impact Research,2/2/2026,2/3/2026,600,LV,47%,48%
Senate,North Carolina,State,North Carolina,Change Research,1/31/2026,2/4/2026,1069,V,50%,40%
Senate,North Carolina,State,North Carolina,Change Research,1/5/2026,1/7/2026,1105,LV,47%,42%
Senate,North Carolina,State,North Carolina,TIPP Insights,1/12/2026,1/15/2026,1512,RV,48%,24%
Senate,North Carolina,State,North Carolina,Harper Polling,11/9/2025,11/10/2025,600,LV,47%,39%
Senate,North Carolina,State,North Carolina,Harper Polling,9/14/2025,9/15/2025,600,LV,46%,42%
Senate,Texas,State,Texas,YouGov,1/20/2026,1/31/2026,1502,LV,43%,44%
Senate,Texas,State,Texas,Emerson College,1/10/2026,1/12/2026,1165,RV,44%,47%
Senate,Texas,State,Texas,Ragnar Research Partners,11/12/2025,11/17/2025,1000,LV,40%,46%
Gubernatorial,Texas,State,Texas,University of Texas at Tyler Center for Opinion Research,2/13/2026,2/22/2026,1117,RV,41%,49%
Gubernatorial,Texas,State,Texas,GBAO,1/26/2026,2/3/2026,1000,LV,43%,46%
Gubernatorial,Texas,State,Texas,YouGov,1/20/2026,1/31/2026,1502,LV,42%,49%
Gubernatorial,Texas,State,Texas,Emerson College,1/10/2026,1/12/2026,1165,RV,42%,50%
Senate,Arkansas,State,Arkansas,Grayhouse,2/7/2026,2/9/2026,550,LV,36%,58%
Generic Ballot,Generic Ballot,National,National,Hart Research Associates,2/27/2026,3/3/2026,1000,RV,50%,44%
Generic Ballot,Generic Ballot,National,National,Cygnal,2/24/2026,2/26/2026,1048,LV,48%,45%
Generic Ballot,Generic Ballot,National,National,RMG Research,3/2/2026,3/5/2026,2000,RV,46%,46%
House,North Carolina-01,Congressional District,North Carolina-01,GQR,1/29/2026,2/2/2026,500,LV,42%,39%
House,Pennsylvania-08,Congressional District,Pennsylvania-08,Public Policy Polling,8/27/2025,8/28/2025,615,V,45%,43%
Gubernatorial,Pennsylvania,State,Pennsylvania,Franklin & Marshall College Center for Opinion Research,2/18/2026,3/1/2026,834,RV,48%,28%
Gubernatorial,Pennsylvania,State,Pennsylvania,Quinnipiac University,2/19/2026,2/23/2026,836,RV,55%,37%
Gubernatorial,Pennsylvania,State,Pennsylvania,Susquehanna Polling & Research,9/22/2025,9/28/2025,704,LV,54%,36%
Gubernatorial,Pennsylvania,State,Pennsylvania,Quinnipiac University,9/25/2025,9/29/2025,1579,RV,55%,39%
Generic Ballot,Generic Ballot,National,National,Morning Consult,2/23/2026,3/1/2026,1000,RV,45%,42%
Generic Ballot,Generic Ballot,National,National,Morning Consult,3/6/2026,3/8/2026,2202,RV,47%,43%
House,Texas-23,Congressional District,Texas-23,Public Policy Polling,3/10/2026,3/11/2026,521,V,40%,42%
Generic Ballot,Generic Ballot,National,National,Marist University,3/2/2026,3/4/2026,1392,RV,53%,44%
Generic Ballot,Generic Ballot,National,National,YouGov,2/18/2026,2/23/2026,824,RV,42%,37%
Generic Ballot,Generic Ballot,National,National,YouGov,3/6/2026,3/9/2026,1405,RV,45%,42%
Generic Ballot,Generic Ballot,National,National,Focaldata,3/6/2026,3/10/2026,1534,RV,48%,42%
Generic Ballot,Generic Ballot,National,National,TIPP Insights,2/24/2026,2/27/2026,1264,RV,46%,44%
Generic Ballot,Generic Ballot,National,National,McLaughlin & Associates,3/4/2026,3/9/2026,1000,LV,47%,43%
Generic Ballot,Generic Ballot,National,National,Morning Consult,3/2/2026,3/8/2026,25948,RV,45%,42%
Generic Ballot,Generic Ballot,National,National,Noble Predictive Insights,2/2/2026,2/5/2026,2659,RV,44%,43%
Gubernatorial,Illinois,State,Illinois,Victory Research,11/20/2025,11/24/2025,1208,LV,54%,34%
Generic Ballot,Generic Ballot,National,National,YouGov,3/13/2026,3/16/2026,1429,RV,43%,41%
Generic Ballot,Generic Ballot,National,National,Morning Consult,3/9/2026,3/15/2026,26634,RV,45%,42%
Generic Ballot,Generic Ballot,National,National,Morning Consult,3/13/2026,3/16/2026,2201,RV,48%,40%
Generic Ballot,Generic Ballot,National,National,Echelon Insights,3/12/2026,3/16/2026,1033,LV,49%,44%
Generic Ballot,Generic Ballot,National,National,Clarity Campaign Labs,2/26/2026,3/7/2026,1004,LV,47%,43%
Senate,North Carolina,State,North Carolina,Public Policy Polling,3/13/2026,3/14/2026,556,V,47%,44%
Generic Ballot,Generic Ballot,National,National,YouGov,3/12/2026,3/16/2026,1147,RV,44%,40%
Generic Ballot,Generic Ballot,National,National,Morning Consult,3/16/2026,3/22/2026,12505,RV,45%,42%
Generic Ballot,Generic Ballot,National,National,Ipsos,3/20/2026,3/23/2026,985,RV,40%,38%
Generic Ballot,Generic Ballot,National,National,Survey 160,3/9/2026,3/15/2026,1546,RV,48%,38%
Generic Ballot,Generic Ballot,National,National,YouGov,3/20/2026,3/23/2026,1502,RV,45%,42%
Generic Ballot,Generic Ballot,National,National,Verasight,3/16/2026,3/18/2026,1370,RV,49%,43%
Generic Ballot,Generic Ballot,National,National,John Zogby Strategies,3/17/2026,3/18/2026,1000,LV,46%,46%
Generic Ballot,Generic Ballot,National,National,The Argument,3/12/2026,3/17/2026,1519,RV,54%,46%
Generic Ballot,Generic Ballot,National,National,Ipsos,3/17/2026,3/19/2026,1206,RV,40%,37%
Generic Ballot,Generic Ballot,National,National,Quantus Insights,3/17/2026,3/18/2026,1053,LV,47%,42%
Generic Ballot,Generic Ballot,National,National,Emerson College,3/16/2026,3/17/2026,1000,LV,49%,42%
Senate,Texas,State,Texas,Impact Research,3/12/2026,3/17/2026,900,LV,44%,43%
Senate,North Carolina ,State,North Carolina,YouGov,3/9/2026,3/18/2026,871,LV,48%,34%
Generic Ballot,Generic Ballot,National,National,YouGov,3/27/2026,3/30/2026,1505,RV,45%,39%
Generic Ballot,Generic Ballot,National,National,HarrisX/Harris Poll,3/25/2026,3/26/2026,2009,RV,51%,49%
Senate,North Carolina,State,North Carolina,Nexus Strategies/Strategic Partners Solution,3/8/2026,3/9/2026,800,LV,50%,32%
Generic Ballot,Generic Ballot,National,National,Quantus Insights,3/25/2026,3/26/2026,1472,LV,47%,41%
Generic Ballot,Generic Ballot,National,National,Big Data Poll,3/22/2026,3/24/2026,3003,RV,48%,40%
Senate,North Carolina,State,North Carolina,Harper Polling,3/22/2026,3/23/2026,600,LV,49%,41%
Generic Ballot,Generic Ballot,National,National,Quinnipiac University,3/19/2026,3/23/2026,1191,RV,51%,40%
Generic Ballot,Generic Ballot,National,National,Ipsos,3/20/2026,3/23/2026,985,RV,40%,38%
Generic Ballot,Generic Ballot,National,National,Morning Consult,3/16/2026,3/22/2026,26406,RV,45%,42%
Generic Ballot,Generic Ballot,National,National,Morning Consult,3/17/2026,3/22/2026,15029,A,47%,42%
Gubernatorial,Pennsylvania,State,Pennsylvania,Susquehanna Polling & Research,3/18/2026,3/29/2026,700,LV,58%,36%
House,Alaska-00,Congressional District,Alaska-00,Public Policy Polling,2/11/2026,2/12/2026,600,LV,39%,46%
House,Alaska-00,Congressional District,Alaska-00,Data for Progress,10/17/2025,10/23/2025,823,LV,37%,48%
House,Arizona-06,Congressional District,Arizona-06,Public Policy Polling,10/14/2025,10/15/2025,581,RV,42%,41%
House,Colorado-03,Congressional District,Colorado-03,Expedition Strategies,1/8/2026,1/12/2026,400,LV,39%,48%
House,Colorado-05,Congressional District,Colorado-05,Global Strategy Group,10/30/2025,11/3/2025,450,LV,40%,43%
House,Iowa-01,Congressional District,Iowa-01,Public Policy Polling,6/18/2025,6/19/2025,555,RV,43%,39%
House,Michigan-04,Congressional District,Michigan-04,Public Policy Polling,11/20/2025,11/21/2025,559,RV,42%,44%
House,Minnesota-01,Congressional District,Minnesota-01,Public Policy Polling,1/2/2026,1/3/2026,708,RV,41%,44%
House,New Hampshire-02,Congressional District,New Hampshire-02,Saint Anselm College Survey Center,3/16/2026,3/18/2026,739,RV,48%,36%
House,New Hampshire-03,Congressional District,New Hampshire-03,University of New Hampshire Survey Center,1/15/2026,1/19/2026,1093,LV,54%,40%
House,New Hampshire-04,Congressional District,New Hampshire-04,Saint Anselm College Survey Center,11/18/2025,11/19/2025,2112,RV,40%,35%
House,New Hampshire-05,Congressional District,New Hampshire-05,University of New Hampshire Survey Center,9/17/2025,9/23/2025,508,LV,51%,39%
House,New Hampshire-06,Congressional District,New Hampshire-06,Saint Anselm College Survey Center,8/26/2025,8/27/2025,881,RV,49%,31%
House,New York-01,Congressional District,New York-01,Public Policy Polling,12/10/2025,12/11/2025,579,RV,38%,41%
House,Pennsylvania-01,Congressional District,Pennsylvania-01,Global Strategy Group,3/19/2026,3/22/2026,400,LV,42%,48%
House,Pennsylvania-01,Congressional District,Pennsylvania-01,Public Policy Polling,10/10/2025,10/11/2025,585,LV,41%,41%
House,Ohio-01,Congressional District,Ohio-01,Impact Research,11/18/2025,11/23/2025,500,LV,49%,43%
House,Pennsylvania-10,Congressional District,Pennsylvania-10,Public Policy Polling,11/18/2025,11/19/2025,549,RV,48%,44%
House,Pennsylvania-11,Congressional District,Pennsylvania-11,Public Policy Polling,7/10/2025,7/11/2025,559,RV,46%,43%
House,Virginia-01,Congressional District,Virginia-01,Public Policy Polling,8/8/2025,8/9/2025,541,RV,40%,41%
House,Wisconsin-03,Congressional District,Wisconsin-03,Impact Research,2/12/2026,2/17/2026,500,LV,49%,48%
House,Wisconsin-04,Congressional District,Wisconsin-04,Impact Research,10/14/2025,10/15/2025,609,RV,44%,42%
Senate,Alaska,State,Alaska,Alaska Survey Research,3/19/2026,3/22/2026,1340,LV,52%,48%
Senate,Alaska,State,Alaska,Public Policy Polling,1/16/2026,1/17/2026,611,RV,49%,47%
Senate,Alaska,State,Alaska,Alaska Survey Research,1/8/2026,1/11/2026,1681,LV,48%,46%
Senate,Alaska,State,Alaska,Data for Progress,10/17/2025,10/23/2025,823,LV,46%,45%
Senate,Alaska,State,Alaska,Alaska Survey Research,10/10/2025,10/15/2025,1708,LV,48%,46%
Senate,Alaska,State,Alaska,Alaska Survey Research,7/29/2025,8/1/2025,1613,LV,43%,47%
Senate,Alaska,State,Alaska,Data for Progress,7/21/2025,7/25/2025,678,LV,45%,46%
Senate,Alaska,State,Alaska,Alaska Survey Research,4/21/2025,4/25/2025,1261,LV,44%,41%
Senate,Florida Special,State,Florida,University of North Florida Public Opinion Research Lab,2/21/2026,3/2/2026,786,LV,38%,45%
Senate,Georgia,State,Georgia,Emerson College,2/28/2026,3/2/2026,1000,LV,48%,43%
Senate,Georgia,State,Georgia,Quantus Insights,9/9/2025,9/12/2025,624,LV,38%,38%
Senate,Georgia,State,Georgia,TIPP Insights,7/28/2025,8/1/2025,2395,LV,45%,44%
Senate,Georgia,State,Georgia,Trafalgar Group,4/24/2025,4/27/2025,1426,LV,48%,43%
Senate,Georgia,State,Georgia,WPA Intelligence,1/14/2025,1/15/2025,500,LV,44%,34%
Senate,Idaho,State,Idaho,Change Research,7/15/2025,7/17/2025,1027,RV,16%,41%
Senate,Massachusetts,State,Massachusetts,University of New Hampshire Survey Center,2/12/2026,2/16/2026,620,LV,56%,27%
Senate,Massachusetts,State,Massachusetts,Cygnal,1/22/2026,1/25/2026,800,LV,54%,30%
Senate,Massachusetts,State,Massachusetts,Suffolk University,11/19/2025,11/23/2025,500,RV,54%,31%
Senate,Massachusetts,State,Massachusetts,SurveyUSA,2/28/2025,3/4/2025,775,RV,45%,26%
Senate,New Hampshire,State,New Hampshire,Emerson College,3/21/2026,3/23/2026,1000,LV,45%,44%
Senate,New Hampshire,State,New Hampshire,Saint Anselm College Survey Center,3/16/2026,3/18/2026,1491,RV,46%,43%
Senate,New Hampshire,State,New Hampshire,yes. Every kid.,1/28/2026,1/29/2026,563,LV,45%,41%
Senate,New Hampshire,State,New Hampshire,University of New Hampshire Survey Center,1/15/2026,1/19/2026,2053,LV,50%,45%
Senate,New Hampshire,State,New Hampshire,Guidant Polling and Strategy,12/9/2025,12/11/2025,600,LV,47%,44%
Senate,New Hampshire,State,New Hampshire,Praecones Analytica,12/26/2025,12/28/2025,603,RV,42%,36%
Senate,New Hampshire,State,New Hampshire,Saint Anselm College Survey Center,11/18/2025,11/19/2025,2112,RV,44%,41%
Senate,New Hampshire,State,New Hampshire,co/efficient,10/9/2025,10/13/2025,1034,LV,45%,42%
Senate,New Hampshire,State,New Hampshire,University of New Hampshire Survey Center,9/17/2025,9/23/2025,1235,LV,49%,43%
Senate,New Hampshire,State,New Hampshire,co/efficient,9/10/2025,9/12/2025,904,LV,46%,43%
Senate,New Hampshire,State,New Hampshire,1892 Polling,9/2/2025,9/4/2025,500,LV,45%,43%
Senate,New Hampshire,State,New Hampshire,Quantus Insights,5/17/2025,5/19/2025,650,RV,44%,53%
Senate,New Hampshire,State,New Hampshire,Praecones Analytica,2/26/2025,3/1/2025,626,RV,46%,54%
Senate,Ohio Special,State,Ohio,Quantus Insights,3/13/2026,3/14/2026,925,LV,44%,46%
Senate,Ohio Special,State,Ohio,EMC Research,2/10/2026,2/22/2026,1343,LV,51%,47%
Senate,Ohio Special,State,Ohio,OnMessage Public Strategies,3/3/2026,3/8/2026,600,LV,47%,45%
Senate,Ohio Special,State,Ohio,Emerson College,12/6/2025,12/8/2025,850,RV,46%,49%
Senate,Ohio Special,State,Ohio,Hart Research Associates,9/19/2025,9/22/2025,800,LV,48%,45%
Senate,Ohio Special,State,Ohio,Bowling Green State University Democracy and Public Policy Research Network/YouGov,10/2/2025,10/14/2025,800,RV,49%,48%
Senate,Ohio Special,State,Ohio,Emerson College,8/18/2025,8/19/2025,1000,RV,44%,50%
Senate,Ohio Special,State,Ohio,Bowling Green State University Democracy and Public Policy Research Network/YouGov,4/18/2025,4/24/2025,800,RV,46%,49%
Senate,Ohio Special,State,Ohio,Bowling Green State University Democracy and Public Policy Research Network/YouGov,2/14/2025,2/21/2025,800,RV,41%,47%
Senate,South Carolina,State,South Carolina,Impact Research,2/25/2026,3/1/2026,700,LV,42%,47%
Senate,South Carolina,State,South Carolina,Public Policy Polling,11/21/2025,11/22/2025,704,RV,36%,42%
Senate,South Dakota,State,South Dakota,Public Policy Polling,2/17/2026,2/18/2026,685,RV,32%,49%
Senate,South Dakota,State,South Dakota,Public Policy Polling,11/13/2025,11/14/2025,814,RV,30%,52%
Gubernatorial,Alabama,State,Alabama,Cygnal,11/12/2025,11/13/2025,605,LV,34%,53%
Gubernatorial,Arizona,State,Arizona,Noble Predictive Insights,2/23/2026,2/26/2026,1023,RV,42%,37%
Gubernatorial,Arizona,State,Arizona,Center for Excellence in Polling,1/22/2026,1/24/2026,519,LV,50%,41%
Gubernatorial,Arizona,State,Arizona,NextGen Polling,12/15/2025,12/17/2025,2725,LV,51%,32%
Gubernatorial,Arizona,State,Arizona,Emerson College,11/8/2025,11/10/2025,850,RV,44%,43%
Gubernatorial,Arizona,State,Arizona,Noble Predictive Insights,8/11/2025,8/18/2025,948,RV,39%,37%
Gubernatorial,Arizona,State,Arizona,Noble Predictive Insights,5/12/2025,5/16/2025,1026,RV,40%,38%
Gubernatorial,Arizona,State,Arizona,Pulse Decision Science,4/6/2025,4/9/2025,501,LV,46%,42%
Gubernatorial,Arizona,State,Arizona,Kreate Strategies,3/31/2025,4/2/2025,1072,LV,46%,48%
Gubernatorial,Arizona,State,Arizona,Noble Predictive Insights,2/11/2025,2/13/2025,1006,RV,40%,38%
Gubernatorial,Arizona,State,Arizona,Kreate Strategies,2/5/2025,2/7/2025,924,LV,43%,44%
Gubernatorial,Nevada,State,Nevada,Hart Research Associates,2/11/2026,2/17/2026,800,LV,43%,46%
Gubernatorial,Nevada,State,Nevada,Noble Predictive Insights,3/10/2026,3/13/2026,845,RV,38%,39%
Gubernatorial,Nevada,State,Nevada,Emerson College,11/16/2025,11/18/2025,800,RV,41%,41%
Gubernatorial,Nevada,State,Nevada,Noble Predictive Insights,10/7/2025,10/13/2025,766,RV,37%,40%
Gubernatorial,Nevada,State,Nevada,VoteTXT,5/15/2025,5/19/2025,412,RV,30%,51%
Gubernatorial,New York,State,New York,Echelon Insights,3/24/2026,3/26/2026,500,LV,55%,40%
Gubernatorial,New York,State,New York,Siena College,3/23/2026,3/26/2026,804,RV,47%,34%
Gubernatorial,New York,State,New York,McLaughlin & Associates,3/4/2026,3/8/2026,800,LV,52%,43%
Gubernatorial,New York,State,New York,Siena University,2/23/2026,2/26/2026,805,RV,51%,31%
Gubernatorial,New York,State,New York,Marist University,2/16/2026,2/19/2026,1442,RV,50%,33%
Gubernatorial,New York,State,New York,MAD Global Strategy,2/2/2026,2/4/2026,600,LV,47%,34%
Gubernatorial,New York,State,New York,Siena University,1/26/2026,1/28/2026,800,RV,54%,28%
Gubernatorial,New York,State,New York,John Zogby Strategies,1/6/2026,1/8/2026,844,LV,49%,34%
Gubernatorial,New York,State,New York,Siena University,12/8/2025,12/12/2025,801,RV,50%,25%
Gubernatorial,New York,State,New York,J.L. Partners,11/9/2025,11/10/2025,500,LV,47%,36%
Gubernatorial,New York,State,New York,Siena College,6/23/2025,6/26/2025,800,RV,44%,19%
Gubernatorial,New York,State,New York,Grayhouse,4/22/2025,4/24/2024,600,RV,44%,36%
Gubernatorial,Ohio,State,Ohio,Quantus Insights,3/13/2026,3/14/2026,925,LV,46%,45%
Gubernatorial,Ohio,State,Ohio,EMC Research,2/10/2026,2/22/2026,1343,LV,53%,43%
Gubernatorial,Ohio,State,Ohio,Data for Progress,12/3/2025,12/8/2025,603,LV,43%,45%
Gubernatorial,Ohio,State,Ohio,Emerson College,12/6/2025,12/8/2025,850,RV,46%,45%
Gubernatorial,Ohio,State,Ohio,Hart Research Associates,9/19/2025,9/22/2025,800,LV,46%,45%
Gubernatorial,Ohio,State,Ohio,Bowling Green State University Democracy and Public Policy Research Network/YouGov,10/2/2025,10/14/2025,800,RV,47%,50%
Gubernatorial,Ohio,State,Ohio,Emerson College,8/18/2025,8/19/2025,1000,RV,39%,49%
Gubernatorial,Ohio,State,Ohio,Impact Research,7/24/2025,8/28/2025,800,LV,46%,47%
Gubernatorial,Ohio,State,Ohio,Bowling Green State University Democracy and Public Policy Research Network/YouGov,4/18/2025,4/24/2025,800,RV,45%,50%
Gubernatorial,Ohio,State,Ohio,Public Policy Polling,2/19/2025,2/20/2025,642,RV,45%,44%
Senate,North Carolina,State,North Carolina,Quantus Insights,3/31/2026,4/1/2026,987,LV,49%,44%
Senate,Florida Special,State,Florida,Emerson College,3/29/2026,3/31/2026,1125,LV,38%,46%
Generic Ballot,Generic Ballot,National,National,CNN/SSRS,3/26/2026,3/30/2026,951,RV,48%,42%
Generic Ballot,Generic Ballot,National,National,Morning Consult,3/23/2026,3/29/2026,26725,RV,45%,42%
